item	title	pagination	pagination-href
	Middagstallerkener	7	https://www.finn.no/bap/forsale/search.html?abTestKey=standard1&lat=59.91192&lon=10.73361&q=kj%C3%B8pes&rows=49&search_type=SEARCH_ID_BAP_WANTED&sort=0&sub_category=1.78.5223&category=0.78&page=7
	Høyang krydderhylle	5	https://www.finn.no/bap/forsale/search.html?abTestKey=standard1&lat=59.91192&lon=10.73361&q=kj%C3%B8pes&rows=49&search_type=SEARCH_ID_BAP_WANTED&sort=0&sub_category=1.78.5223&category=0.78&page=5
	Mummikopper alt av interesse	5	https://www.finn.no/bap/forsale/search.html?abTestKey=standard1&lat=59.91192&lon=10.73361&q=kj%C3%B8pes&rows=49&search_type=SEARCH_ID_BAP_WANTED&sort=0&sub_category=1.78.5223&category=0.78&page=5
	Servise fra Per Spok ønskes kjøpt	5	https://www.finn.no/bap/forsale/search.html?abTestKey=standard1&lat=59.91192&lon=10.73361&q=kj%C3%B8pes&rows=49&search_type=SEARCH_ID_BAP_WANTED&sort=0&sub_category=1.78.5223&category=0.78&page=5
	Dessertskål ønskes	7	https://www.finn.no/bap/forsale/search.html?abTestKey=standard1&lat=59.91192&lon=10.73361&q=kj%C3%B8pes&rows=49&search_type=SEARCH_ID_BAP_WANTED&sort=0&sub_category=1.78.5223&category=0.78&page=7
	"Middagsservise ønskes kjøpt, fortrinnsvis middagstallerkener og dype tallerkener"	10	https://www.finn.no/bap/forsale/search.html?abTestKey=standard1&lat=59.91192&lon=10.73361&q=kj%C3%B8pes&rows=49&search_type=SEARCH_ID_BAP_WANTED&sort=0&sub_category=1.78.5223&category=0.78&page=10
	Bestikk med hjerte mønster	6	https://www.finn.no/bap/forsale/search.html?abTestKey=standard1&lat=59.91192&lon=10.73361&q=kj%C3%B8pes&rows=49&search_type=SEARCH_ID_BAP_WANTED&sort=0&sub_category=1.78.5223&category=0.78&page=6
	Kaffeservice Couture ønskes kjøpt	9	https://www.finn.no/bap/forsale/search.html?abTestKey=standard1&lat=59.91192&lon=10.73361&q=kj%C3%B8pes&rows=49&search_type=SEARCH_ID_BAP_WANTED&sort=0&sub_category=1.78.5223&category=0.78&page=9
	Ønskes kjøpt: Villeroy and Boch - Paris - tallerken 32 cm	4	https://www.finn.no/bap/forsale/search.html?abTestKey=standard1&lat=59.91192&lon=10.73361&q=kj%C3%B8pes&rows=49&search_type=SEARCH_ID_BAP_WANTED&sort=0&sub_category=1.78.5223&category=0.78&page=4
	kaffiservice	9	https://www.finn.no/bap/forsale/search.html?abTestKey=standard1&lat=59.91192&lon=10.73361&q=kj%C3%B8pes&rows=49&search_type=SEARCH_ID_BAP_WANTED&sort=0&sub_category=1.78.5223&category=0.78&page=9
	Johanfors. RØD- og HVIT-vin glass	5	https://www.finn.no/bap/forsale/search.html?abTestKey=standard1&lat=59.91192&lon=10.73361&q=kj%C3%B8pes&rows=49&search_type=SEARCH_ID_BAP_WANTED&sort=0&sub_category=1.78.5223&category=0.78&page=5
	Ønsker å kjøpe Holmegaard Cocoon bolle (stor) i farge Brandy	2	https://www.finn.no/bap/forsale/search.html?abTestKey=standard1&lat=59.91192&lon=10.73361&q=kj%C3%B8pes&rows=49&search_type=SEARCH_ID_BAP_WANTED&sort=0&sub_category=1.78.5223&category=0.78&page=2
	Krus	10	https://www.finn.no/bap/forsale/search.html?abTestKey=standard1&lat=59.91192&lon=10.73361&q=kj%C3%B8pes&rows=49&search_type=SEARCH_ID_BAP_WANTED&sort=0&sub_category=1.78.5223&category=0.78&page=10
	"Max juleservise, kun dype dessert"	2	https://www.finn.no/bap/forsale/search.html?abTestKey=standard1&lat=59.91192&lon=10.73361&q=kj%C3%B8pes&rows=49&search_type=SEARCH_ID_BAP_WANTED&sort=0&sub_category=1.78.5223&category=0.78&page=2
	Bodum	3	https://www.finn.no/bap/forsale/search.html?abTestKey=standard1&lat=59.91192&lon=10.73361&q=kj%C3%B8pes&rows=49&search_type=SEARCH_ID_BAP_WANTED&sort=0&sub_category=1.78.5223&category=0.78&page=3
	Ostindien - suppetalerkner	6	https://www.finn.no/bap/forsale/search.html?abTestKey=standard1&lat=59.91192&lon=10.73361&q=kj%C3%B8pes&rows=49&search_type=SEARCH_ID_BAP_WANTED&sort=0&sub_category=1.78.5223&category=0.78&page=6
	Ø. Å Kjøpe Mikkes Jul Figurer /Disney juleservise /serveringsbestikk/Firkløveren	2	https://www.finn.no/bap/forsale/search.html?abTestKey=standard1&lat=59.91192&lon=10.73361&q=kj%C3%B8pes&rows=49&search_type=SEARCH_ID_BAP_WANTED&sort=0&sub_category=1.78.5223&category=0.78&page=2
	Ulf Aas galopp whiskey glass fra Hadeland	8	https://www.finn.no/bap/forsale/search.html?abTestKey=standard1&lat=59.91192&lon=10.73361&q=kj%C3%B8pes&rows=49&search_type=SEARCH_ID_BAP_WANTED&sort=0&sub_category=1.78.5223&category=0.78&page=8
	Rosenthal middagstallerkener Casual fra Designers guild ønskes kjøpt	10	https://www.finn.no/bap/forsale/search.html?abTestKey=standard1&lat=59.91192&lon=10.73361&q=kj%C3%B8pes&rows=49&search_type=SEARCH_ID_BAP_WANTED&sort=0&sub_category=1.78.5223&category=0.78&page=10
	Tallerken FIGGJOflint	4	https://www.finn.no/bap/forsale/search.html?abTestKey=standard1&lat=59.91192&lon=10.73361&q=kj%C3%B8pes&rows=49&search_type=SEARCH_ID_BAP_WANTED&sort=0&sub_category=1.78.5223&category=0.78&page=4
	ØNSKES KJØPT	8	https://www.finn.no/bap/forsale/search.html?abTestKey=standard1&lat=59.91192&lon=10.73361&q=kj%C3%B8pes&rows=49&search_type=SEARCH_ID_BAP_WANTED&sort=0&sub_category=1.78.5223&category=0.78&page=8
	Pokal kopp fra IKEA	6	https://www.finn.no/bap/forsale/search.html?abTestKey=standard1&lat=59.91192&lon=10.73361&q=kj%C3%B8pes&rows=49&search_type=SEARCH_ID_BAP_WANTED&sort=0&sub_category=1.78.5223&category=0.78&page=6
	Norsk design juleservise	9	https://www.finn.no/bap/forsale/search.html?abTestKey=standard1&lat=59.91192&lon=10.73361&q=kj%C3%B8pes&rows=49&search_type=SEARCH_ID_BAP_WANTED&sort=0&sub_category=1.78.5223&category=0.78&page=9
	"Villeroy og Boch, Switch pasta tallerkner"	4	https://www.finn.no/bap/forsale/search.html?abTestKey=standard1&lat=59.91192&lon=10.73361&q=kj%C3%B8pes&rows=49&search_type=SEARCH_ID_BAP_WANTED&sort=0&sub_category=1.78.5223&category=0.78&page=4
	Champagneglass ønskes kjøpt	3	https://www.finn.no/bap/forsale/search.html?abTestKey=standard1&lat=59.91192&lon=10.73361&q=kj%C3%B8pes&rows=49&search_type=SEARCH_ID_BAP_WANTED&sort=0&sub_category=1.78.5223&category=0.78&page=3
	Naif Christmas fra Villeroy & Boch ønskes kjøpt	10	https://www.finn.no/bap/forsale/search.html?abTestKey=standard1&lat=59.91192&lon=10.73361&q=kj%C3%B8pes&rows=49&search_type=SEARCH_ID_BAP_WANTED&sort=0&sub_category=1.78.5223&category=0.78&page=10
	Portmeirion Pomona Servise	2	https://www.finn.no/bap/forsale/search.html?abTestKey=standard1&lat=59.91192&lon=10.73361&q=kj%C3%B8pes&rows=49&search_type=SEARCH_ID_BAP_WANTED&sort=0&sub_category=1.78.5223&category=0.78&page=2
	Porsgrund porselen	4	https://www.finn.no/bap/forsale/search.html?abTestKey=standard1&lat=59.91192&lon=10.73361&q=kj%C3%B8pes&rows=49&search_type=SEARCH_ID_BAP_WANTED&sort=0&sub_category=1.78.5223&category=0.78&page=4
	"Villeroy & Boch, Switch 3 quadro tallerkener 2 stk."	5	https://www.finn.no/bap/forsale/search.html?abTestKey=standard1&lat=59.91192&lon=10.73361&q=kj%C3%B8pes&rows=49&search_type=SEARCH_ID_BAP_WANTED&sort=0&sub_category=1.78.5223&category=0.78&page=5
	Villeroy&Boch kopper/asjetter	3	https://www.finn.no/bap/forsale/search.html?abTestKey=standard1&lat=59.91192&lon=10.73361&q=kj%C3%B8pes&rows=49&search_type=SEARCH_ID_BAP_WANTED&sort=0&sub_category=1.78.5223&category=0.78&page=3
	Bestikk med dette mønsteret ønskes!	9	https://www.finn.no/bap/forsale/search.html?abTestKey=standard1&lat=59.91192&lon=10.73361&q=kj%C3%B8pes&rows=49&search_type=SEARCH_ID_BAP_WANTED&sort=0&sub_category=1.78.5223&category=0.78&page=9
	Ønskes kjøpt 3etasjer kakefat til bryllupskake	2	https://www.finn.no/bap/forsale/search.html?abTestKey=standard1&lat=59.91192&lon=10.73361&q=kj%C3%B8pes&rows=49&search_type=SEARCH_ID_BAP_WANTED&sort=0&sub_category=1.78.5223&category=0.78&page=2
	Servise iittala ønskes kjøpt kun oransje.	8	https://www.finn.no/bap/forsale/search.html?abTestKey=standard1&lat=59.91192&lon=10.73361&q=kj%C3%B8pes&rows=49&search_type=SEARCH_ID_BAP_WANTED&sort=0&sub_category=1.78.5223&category=0.78&page=8
	Villeroy & Boch IRIS vinglass ønskes kjøpt	7	https://www.finn.no/bap/forsale/search.html?abTestKey=standard1&lat=59.91192&lon=10.73361&q=kj%C3%B8pes&rows=49&search_type=SEARCH_ID_BAP_WANTED&sort=0&sub_category=1.78.5223&category=0.78&page=7
	Trento bestikk (Amefa 10-18)	8	https://www.finn.no/bap/forsale/search.html?abTestKey=standard1&lat=59.91192&lon=10.73361&q=kj%C3%B8pes&rows=49&search_type=SEARCH_ID_BAP_WANTED&sort=0&sub_category=1.78.5223&category=0.78&page=8
	Mummikopper ønskes kjøpt	9	https://www.finn.no/bap/forsale/search.html?abTestKey=standard1&lat=59.91192&lon=10.73361&q=kj%C3%B8pes&rows=49&search_type=SEARCH_ID_BAP_WANTED&sort=0&sub_category=1.78.5223&category=0.78&page=9
	Ønsker å kjøpe kopper til to typer Figgjo servicer	2	https://www.finn.no/bap/forsale/search.html?abTestKey=standard1&lat=59.91192&lon=10.73361&q=kj%C3%B8pes&rows=49&search_type=SEARCH_ID_BAP_WANTED&sort=0&sub_category=1.78.5223&category=0.78&page=2
	ØNSKES	6	https://www.finn.no/bap/forsale/search.html?abTestKey=standard1&lat=59.91192&lon=10.73361&q=kj%C3%B8pes&rows=49&search_type=SEARCH_ID_BAP_WANTED&sort=0&sub_category=1.78.5223&category=0.78&page=6
	Fabel glass fra Troll-Tinn ønskes kjøpt	8	https://www.finn.no/bap/forsale/search.html?abTestKey=standard1&lat=59.91192&lon=10.73361&q=kj%C3%B8pes&rows=49&search_type=SEARCH_ID_BAP_WANTED&sort=0&sub_category=1.78.5223&category=0.78&page=8
	Magnor Victoria Glass/ krystall Har du sånne glass?	7	https://www.finn.no/bap/forsale/search.html?abTestKey=standard1&lat=59.91192&lon=10.73361&q=kj%C3%B8pes&rows=49&search_type=SEARCH_ID_BAP_WANTED&sort=0&sub_category=1.78.5223&category=0.78&page=7
	Magnor RIM servise	5	https://www.finn.no/bap/forsale/search.html?abTestKey=standard1&lat=59.91192&lon=10.73361&q=kj%C3%B8pes&rows=49&search_type=SEARCH_ID_BAP_WANTED&sort=0&sub_category=1.78.5223&category=0.78&page=5
	Kaffekopp(er)	5	https://www.finn.no/bap/forsale/search.html?abTestKey=standard1&lat=59.91192&lon=10.73361&q=kj%C3%B8pes&rows=49&search_type=SEARCH_ID_BAP_WANTED&sort=0&sub_category=1.78.5223&category=0.78&page=5
	"PP retro middags tallerkener ""Risotto"" design av Eystein Sandnes ønskes kjøpt!"	5	https://www.finn.no/bap/forsale/search.html?abTestKey=standard1&lat=59.91192&lon=10.73361&q=kj%C3%B8pes&rows=49&search_type=SEARCH_ID_BAP_WANTED&sort=0&sub_category=1.78.5223&category=0.78&page=5
	Ståt fronter ønskes kjøpt	10	https://www.finn.no/bap/forsale/search.html?abTestKey=standard1&lat=59.91192&lon=10.73361&q=kj%C3%B8pes&rows=49&search_type=SEARCH_ID_BAP_WANTED&sort=0&sub_category=1.78.5223&category=0.78&page=10
	"Luso blått servise, ønskes kjøpt."	10	https://www.finn.no/bap/forsale/search.html?abTestKey=standard1&lat=59.91192&lon=10.73361&q=kj%C3%B8pes&rows=49&search_type=SEARCH_ID_BAP_WANTED&sort=0&sub_category=1.78.5223&category=0.78&page=10
	PiP. Deler i dette mønsteret ønskes	9	https://www.finn.no/bap/forsale/search.html?abTestKey=standard1&lat=59.91192&lon=10.73361&q=kj%C3%B8pes&rows=49&search_type=SEARCH_ID_BAP_WANTED&sort=0&sub_category=1.78.5223&category=0.78&page=9
	Bestikk ACA Modern House	6	https://www.finn.no/bap/forsale/search.html?abTestKey=standard1&lat=59.91192&lon=10.73361&q=kj%C3%B8pes&rows=49&search_type=SEARCH_ID_BAP_WANTED&sort=0&sub_category=1.78.5223&category=0.78&page=6
	Deler av fransk servise.	8	https://www.finn.no/bap/forsale/search.html?abTestKey=standard1&lat=59.91192&lon=10.73361&q=kj%C3%B8pes&rows=49&search_type=SEARCH_ID_BAP_WANTED&sort=0&sub_category=1.78.5223&category=0.78&page=8
	Sevise	8	https://www.finn.no/bap/forsale/search.html?abTestKey=standard1&lat=59.91192&lon=10.73361&q=kj%C3%B8pes&rows=49&search_type=SEARCH_ID_BAP_WANTED&sort=0&sub_category=1.78.5223&category=0.78&page=8
	Hvitvinsglass ønskes kjøpt	8	https://www.finn.no/bap/forsale/search.html?abTestKey=standard1&lat=59.91192&lon=10.73361&q=kj%C3%B8pes&rows=49&search_type=SEARCH_ID_BAP_WANTED&sort=0&sub_category=1.78.5223&category=0.78&page=8
	Miranda stålbestikk ønskes kjøpt. Teskjeer og dessertskjeer.	7	https://www.finn.no/bap/forsale/search.html?abTestKey=standard1&lat=59.91192&lon=10.73361&q=kj%C3%B8pes&rows=49&search_type=SEARCH_ID_BAP_WANTED&sort=0&sub_category=1.78.5223&category=0.78&page=7
	"Servise med kopper, skåler og asjetter ønskes kjøpt!"	6	https://www.finn.no/bap/forsale/search.html?abTestKey=standard1&lat=59.91192&lon=10.73361&q=kj%C3%B8pes&rows=49&search_type=SEARCH_ID_BAP_WANTED&sort=0&sub_category=1.78.5223&category=0.78&page=6
	"Kaffekopper, Figgjo bjørnebærblomst"	5	https://www.finn.no/bap/forsale/search.html?abTestKey=standard1&lat=59.91192&lon=10.73361&q=kj%C3%B8pes&rows=49&search_type=SEARCH_ID_BAP_WANTED&sort=0&sub_category=1.78.5223&category=0.78&page=5
	Denby Monsoon Veronica	8	https://www.finn.no/bap/forsale/search.html?abTestKey=standard1&lat=59.91192&lon=10.73361&q=kj%C3%B8pes&rows=49&search_type=SEARCH_ID_BAP_WANTED&sort=0&sub_category=1.78.5223&category=0.78&page=8
	"Kaffekopper og asjetter fra Thun, Tsjekkoslovakia 29 ønskes kjøpt"	7	https://www.finn.no/bap/forsale/search.html?abTestKey=standard1&lat=59.91192&lon=10.73361&q=kj%C3%B8pes&rows=49&search_type=SEARCH_ID_BAP_WANTED&sort=0&sub_category=1.78.5223&category=0.78&page=7
	Juleservise Christmas tree	6	https://www.finn.no/bap/forsale/search.html?abTestKey=standard1&lat=59.91192&lon=10.73361&q=kj%C3%B8pes&rows=49&search_type=SEARCH_ID_BAP_WANTED&sort=0&sub_category=1.78.5223&category=0.78&page=6
	Kaffiservise	5	https://www.finn.no/bap/forsale/search.html?abTestKey=standard1&lat=59.91192&lon=10.73361&q=kj%C3%B8pes&rows=49&search_type=SEARCH_ID_BAP_WANTED&sort=0&sub_category=1.78.5223&category=0.78&page=5
	Samurai middagstallerkener fra Wedgwood ønskes kjøpt	8	https://www.finn.no/bap/forsale/search.html?abTestKey=standard1&lat=59.91192&lon=10.73361&q=kj%C3%B8pes&rows=49&search_type=SEARCH_ID_BAP_WANTED&sort=0&sub_category=1.78.5223&category=0.78&page=8
	"""Beatrice""-service, Villeroy&Boch"	7	https://www.finn.no/bap/forsale/search.html?abTestKey=standard1&lat=59.91192&lon=10.73361&q=kj%C3%B8pes&rows=49&search_type=SEARCH_ID_BAP_WANTED&sort=0&sub_category=1.78.5223&category=0.78&page=7
	Disney Jul firkløveren	6	https://www.finn.no/bap/forsale/search.html?abTestKey=standard1&lat=59.91192&lon=10.73361&q=kj%C3%B8pes&rows=49&search_type=SEARCH_ID_BAP_WANTED&sort=0&sub_category=1.78.5223&category=0.78&page=6
	Krus fra Green Gate	6	https://www.finn.no/bap/forsale/search.html?abTestKey=standard1&lat=59.91192&lon=10.73361&q=kj%C3%B8pes&rows=49&search_type=SEARCH_ID_BAP_WANTED&sort=0&sub_category=1.78.5223&category=0.78&page=6
	Kaffekopp	6	https://www.finn.no/bap/forsale/search.html?abTestKey=standard1&lat=59.91192&lon=10.73361&q=kj%C3%B8pes&rows=49&search_type=SEARCH_ID_BAP_WANTED&sort=0&sub_category=1.78.5223&category=0.78&page=6
	Ønsker å kjøpe frokosttallerkner (ca 21 cm) Denby Monsoon Veronica	4	https://www.finn.no/bap/forsale/search.html?abTestKey=standard1&lat=59.91192&lon=10.73361&q=kj%C3%B8pes&rows=49&search_type=SEARCH_ID_BAP_WANTED&sort=0&sub_category=1.78.5223&category=0.78&page=4
	Mocco Figgjo grønn tallerken	6	https://www.finn.no/bap/forsale/search.html?abTestKey=standard1&lat=59.91192&lon=10.73361&q=kj%C3%B8pes&rows=49&search_type=SEARCH_ID_BAP_WANTED&sort=0&sub_category=1.78.5223&category=0.78&page=6
	Ønskes kjøpt: Nisseglass fra Willeroy & Boch	5	https://www.finn.no/bap/forsale/search.html?abTestKey=standard1&lat=59.91192&lon=10.73361&q=kj%C3%B8pes&rows=49&search_type=SEARCH_ID_BAP_WANTED&sort=0&sub_category=1.78.5223&category=0.78&page=5
	Stavangerflint  Bambus Flamingo	7	https://www.finn.no/bap/forsale/search.html?abTestKey=standard1&lat=59.91192&lon=10.73361&q=kj%C3%B8pes&rows=49&search_type=SEARCH_ID_BAP_WANTED&sort=0&sub_category=1.78.5223&category=0.78&page=7
	Serviettholder Bondemønster ønskes.	3	https://www.finn.no/bap/forsale/search.html?abTestKey=standard1&lat=59.91192&lon=10.73361&q=kj%C3%B8pes&rows=49&search_type=SEARCH_ID_BAP_WANTED&sort=0&sub_category=1.78.5223&category=0.78&page=3
	"Servise, hvitt med gull på"	6	https://www.finn.no/bap/forsale/search.html?abTestKey=standard1&lat=59.91192&lon=10.73361&q=kj%C3%B8pes&rows=49&search_type=SEARCH_ID_BAP_WANTED&sort=0&sub_category=1.78.5223&category=0.78&page=6
	Jule middagsservice	5	https://www.finn.no/bap/forsale/search.html?abTestKey=standard1&lat=59.91192&lon=10.73361&q=kj%C3%B8pes&rows=49&search_type=SEARCH_ID_BAP_WANTED&sort=0&sub_category=1.78.5223&category=0.78&page=5
	Moomin kopper/tallerken/skåler ønskes kjøpt	9	https://www.finn.no/bap/forsale/search.html?abTestKey=standard1&lat=59.91192&lon=10.73361&q=kj%C3%B8pes&rows=49&search_type=SEARCH_ID_BAP_WANTED&sort=0&sub_category=1.78.5223&category=0.78&page=9
	Blått servise i keramikk	8	https://www.finn.no/bap/forsale/search.html?abTestKey=standard1&lat=59.91192&lon=10.73361&q=kj%C3%B8pes&rows=49&search_type=SEARCH_ID_BAP_WANTED&sort=0&sub_category=1.78.5223&category=0.78&page=8
	Mon amie servise	2	https://www.finn.no/bap/forsale/search.html?abTestKey=standard1&lat=59.91192&lon=10.73361&q=kj%C3%B8pes&rows=49&search_type=SEARCH_ID_BAP_WANTED&sort=0&sub_category=1.78.5223&category=0.78&page=2
	Krus og asjetter	5	https://www.finn.no/bap/forsale/search.html?abTestKey=standard1&lat=59.91192&lon=10.73361&q=kj%C3%B8pes&rows=49&search_type=SEARCH_ID_BAP_WANTED&sort=0&sub_category=1.78.5223&category=0.78&page=5
	Montasjeskinne til oppvaskmaskinfronten	3	https://www.finn.no/bap/forsale/search.html?abTestKey=standard1&lat=59.91192&lon=10.73361&q=kj%C3%B8pes&rows=49&search_type=SEARCH_ID_BAP_WANTED&sort=0&sub_category=1.78.5223&category=0.78&page=3
	Glass og skåler med opphøyde bier ønskes kjøpt	6	https://www.finn.no/bap/forsale/search.html?abTestKey=standard1&lat=59.91192&lon=10.73361&q=kj%C3%B8pes&rows=49&search_type=SEARCH_ID_BAP_WANTED&sort=0&sub_category=1.78.5223&category=0.78&page=6
	Bestikk fra Ikea	10	https://www.finn.no/bap/forsale/search.html?abTestKey=standard1&lat=59.91192&lon=10.73361&q=kj%C3%B8pes&rows=49&search_type=SEARCH_ID_BAP_WANTED&sort=0&sub_category=1.78.5223&category=0.78&page=10
	Allette bestikk	8	https://www.finn.no/bap/forsale/search.html?abTestKey=standard1&lat=59.91192&lon=10.73361&q=kj%C3%B8pes&rows=49&search_type=SEARCH_ID_BAP_WANTED&sort=0&sub_category=1.78.5223&category=0.78&page=8
	Serviset  På veg til bestemor!	3	https://www.finn.no/bap/forsale/search.html?abTestKey=standard1&lat=59.91192&lon=10.73361&q=kj%C3%B8pes&rows=49&search_type=SEARCH_ID_BAP_WANTED&sort=0&sub_category=1.78.5223&category=0.78&page=3
	"Lysestaker, Norgesservice."	4	https://www.finn.no/bap/forsale/search.html?abTestKey=standard1&lat=59.91192&lon=10.73361&q=kj%C3%B8pes&rows=49&search_type=SEARCH_ID_BAP_WANTED&sort=0&sub_category=1.78.5223&category=0.78&page=4
	Deler til Servise	3	https://www.finn.no/bap/forsale/search.html?abTestKey=standard1&lat=59.91192&lon=10.73361&q=kj%C3%B8pes&rows=49&search_type=SEARCH_ID_BAP_WANTED&sort=0&sub_category=1.78.5223&category=0.78&page=3
	Firkløver påskekrus .	7	https://www.finn.no/bap/forsale/search.html?abTestKey=standard1&lat=59.91192&lon=10.73361&q=kj%C3%B8pes&rows=49&search_type=SEARCH_ID_BAP_WANTED&sort=0&sub_category=1.78.5223&category=0.78&page=7
	Daisy kaffekopper (Turi design fra Figgjo) ønskes	8	https://www.finn.no/bap/forsale/search.html?abTestKey=standard1&lat=59.91192&lon=10.73361&q=kj%C3%B8pes&rows=49&search_type=SEARCH_ID_BAP_WANTED&sort=0&sub_category=1.78.5223&category=0.78&page=8
	Greengate skål	2	https://www.finn.no/bap/forsale/search.html?abTestKey=standard1&lat=59.91192&lon=10.73361&q=kj%C3%B8pes&rows=49&search_type=SEARCH_ID_BAP_WANTED&sort=0&sub_category=1.78.5223&category=0.78&page=2
	"Ikea Arv Idyll servise - middagstallerken, dessertskål og asjett"	5	https://www.finn.no/bap/forsale/search.html?abTestKey=standard1&lat=59.91192&lon=10.73361&q=kj%C3%B8pes&rows=49&search_type=SEARCH_ID_BAP_WANTED&sort=0&sub_category=1.78.5223&category=0.78&page=5
	"Bavaria middagstallerken, frokosttallerken og potetfat"	7	https://www.finn.no/bap/forsale/search.html?abTestKey=standard1&lat=59.91192&lon=10.73361&q=kj%C3%B8pes&rows=49&search_type=SEARCH_ID_BAP_WANTED&sort=0&sub_category=1.78.5223&category=0.78&page=7
	"Hutschenrether, Chloe - Decor Gold, asjetter 19,5 cm ønskes kjøpt + fløtemugge"	7	https://www.finn.no/bap/forsale/search.html?abTestKey=standard1&lat=59.91192&lon=10.73361&q=kj%C3%B8pes&rows=49&search_type=SEARCH_ID_BAP_WANTED&sort=0&sub_category=1.78.5223&category=0.78&page=7
	Servise ønskes kjøpt! Mitterteich fra Bavaria..	8	https://www.finn.no/bap/forsale/search.html?abTestKey=standard1&lat=59.91192&lon=10.73361&q=kj%C3%B8pes&rows=49&search_type=SEARCH_ID_BAP_WANTED&sort=0&sub_category=1.78.5223&category=0.78&page=8
	Deler til Hutschenreuther-servise ønskes kjøpt	10	https://www.finn.no/bap/forsale/search.html?abTestKey=standard1&lat=59.91192&lon=10.73361&q=kj%C3%B8pes&rows=49&search_type=SEARCH_ID_BAP_WANTED&sort=0&sub_category=1.78.5223&category=0.78&page=10
	Store rødvinsglass i Finn serien ønskes kjøpt	10	https://www.finn.no/bap/forsale/search.html?abTestKey=standard1&lat=59.91192&lon=10.73361&q=kj%C3%B8pes&rows=49&search_type=SEARCH_ID_BAP_WANTED&sort=0&sub_category=1.78.5223&category=0.78&page=10
	"Ønsker Disney figurer fra Mikkes jul figurserie, (flere serier) fra Firkløveren"	10	https://www.finn.no/bap/forsale/search.html?abTestKey=standard1&lat=59.91192&lon=10.73361&q=kj%C3%B8pes&rows=49&search_type=SEARCH_ID_BAP_WANTED&sort=0&sub_category=1.78.5223&category=0.78&page=10
	Mon amie servise fra Rørstrand	10	https://www.finn.no/bap/forsale/search.html?abTestKey=standard1&lat=59.91192&lon=10.73361&q=kj%C3%B8pes&rows=49&search_type=SEARCH_ID_BAP_WANTED&sort=0&sub_category=1.78.5223&category=0.78&page=10
	Freia servise	2	https://www.finn.no/bap/forsale/search.html?abTestKey=standard1&lat=59.91192&lon=10.73361&q=kj%C3%B8pes&rows=49&search_type=SEARCH_ID_BAP_WANTED&sort=0&sub_category=1.78.5223&category=0.78&page=2
	"Villeroy & Boch, Switch 3 quadro tallerkener"	5	https://www.finn.no/bap/forsale/search.html?abTestKey=standard1&lat=59.91192&lon=10.73361&q=kj%C3%B8pes&rows=49&search_type=SEARCH_ID_BAP_WANTED&sort=0&sub_category=1.78.5223&category=0.78&page=5
	Ønskes kjøpt - Marimekko Kukkuluuru	8	https://www.finn.no/bap/forsale/search.html?abTestKey=standard1&lat=59.91192&lon=10.73361&q=kj%C3%B8pes&rows=49&search_type=SEARCH_ID_BAP_WANTED&sort=0&sub_category=1.78.5223&category=0.78&page=8
	IKEA spisesett (gull farge)	8	https://www.finn.no/bap/forsale/search.html?abTestKey=standard1&lat=59.91192&lon=10.73361&q=kj%C3%B8pes&rows=49&search_type=SEARCH_ID_BAP_WANTED&sort=0&sub_category=1.78.5223&category=0.78&page=8
	Tessa spisebord tilleggsplater	9	https://www.finn.no/bap/forsale/search.html?abTestKey=standard1&lat=59.91192&lon=10.73361&q=kj%C3%B8pes&rows=49&search_type=SEARCH_ID_BAP_WANTED&sort=0&sub_category=1.78.5223&category=0.78&page=9
	Ulvsbo kjøkkenhåndtak fra Ikea i svart ønskes kjøpt	10	https://www.finn.no/bap/forsale/search.html?abTestKey=standard1&lat=59.91192&lon=10.73361&q=kj%C3%B8pes&rows=49&search_type=SEARCH_ID_BAP_WANTED&sort=0&sub_category=1.78.5223&category=0.78&page=10
	Grete og Sissel fra Figgjo	10	https://www.finn.no/bap/forsale/search.html?abTestKey=standard1&lat=59.91192&lon=10.73361&q=kj%C3%B8pes&rows=49&search_type=SEARCH_ID_BAP_WANTED&sort=0&sub_category=1.78.5223&category=0.78&page=10
	"Porsgrund Porselen, Stråmønster middagstallerkener ønskes kjøpt!!"	6	https://www.finn.no/bap/forsale/search.html?abTestKey=standard1&lat=59.91192&lon=10.73361&q=kj%C3%B8pes&rows=49&search_type=SEARCH_ID_BAP_WANTED&sort=0&sub_category=1.78.5223&category=0.78&page=6
	Hvitvinsglass i krystall med blå stett	2	https://www.finn.no/bap/forsale/search.html?abTestKey=standard1&lat=59.91192&lon=10.73361&q=kj%C3%B8pes&rows=49&search_type=SEARCH_ID_BAP_WANTED&sort=0&sub_category=1.78.5223&category=0.78&page=2
	Roemalt mønster fra Stavangerflint ønskes kjøpt	10	https://www.finn.no/bap/forsale/search.html?abTestKey=standard1&lat=59.91192&lon=10.73361&q=kj%C3%B8pes&rows=49&search_type=SEARCH_ID_BAP_WANTED&sort=0&sub_category=1.78.5223&category=0.78&page=10
	Middagstallerkener ønskes kjøpt	9	https://www.finn.no/bap/forsale/search.html?abTestKey=standard1&lat=59.91192&lon=10.73361&q=kj%C3%B8pes&rows=49&search_type=SEARCH_ID_BAP_WANTED&sort=0&sub_category=1.78.5223&category=0.78&page=9
	Anemon Rørstrand servisedeler ønskes kjøpt	9	https://www.finn.no/bap/forsale/search.html?abTestKey=standard1&lat=59.91192&lon=10.73361&q=kj%C3%B8pes&rows=49&search_type=SEARCH_ID_BAP_WANTED&sort=0&sub_category=1.78.5223&category=0.78&page=9
	Deler til Saturn fra Figgjo ønskes kjøpt	7	https://www.finn.no/bap/forsale/search.html?abTestKey=standard1&lat=59.91192&lon=10.73361&q=kj%C3%B8pes&rows=49&search_type=SEARCH_ID_BAP_WANTED&sort=0&sub_category=1.78.5223&category=0.78&page=7
	"deler til servise "" country Farm """	6	https://www.finn.no/bap/forsale/search.html?abTestKey=standard1&lat=59.91192&lon=10.73361&q=kj%C3%B8pes&rows=49&search_type=SEARCH_ID_BAP_WANTED&sort=0&sub_category=1.78.5223&category=0.78&page=6
	Kaffekopp ( Rheinfalz Hartporzellan )	6	https://www.finn.no/bap/forsale/search.html?abTestKey=standard1&lat=59.91192&lon=10.73361&q=kj%C3%B8pes&rows=49&search_type=SEARCH_ID_BAP_WANTED&sort=0&sub_category=1.78.5223&category=0.78&page=6
	Gul Sissel Figgjo flint	4	https://www.finn.no/bap/forsale/search.html?abTestKey=standard1&lat=59.91192&lon=10.73361&q=kj%C3%B8pes&rows=49&search_type=SEARCH_ID_BAP_WANTED&sort=0&sub_category=1.78.5223&category=0.78&page=4
	Le Creuset	8	https://www.finn.no/bap/forsale/search.html?abTestKey=standard1&lat=59.91192&lon=10.73361&q=kj%C3%B8pes&rows=49&search_type=SEARCH_ID_BAP_WANTED&sort=0&sub_category=1.78.5223&category=0.78&page=8
	Arabia middagstallerkener ønskes kjøpt.	9	https://www.finn.no/bap/forsale/search.html?abTestKey=standard1&lat=59.91192&lon=10.73361&q=kj%C3%B8pes&rows=49&search_type=SEARCH_ID_BAP_WANTED&sort=0&sub_category=1.78.5223&category=0.78&page=9
	ØNSKES KJØPT	3	https://www.finn.no/bap/forsale/search.html?abTestKey=standard1&lat=59.91192&lon=10.73361&q=kj%C3%B8pes&rows=49&search_type=SEARCH_ID_BAP_WANTED&sort=0&sub_category=1.78.5223&category=0.78&page=3
	Ønskes kjøpt	7	https://www.finn.no/bap/forsale/search.html?abTestKey=standard1&lat=59.91192&lon=10.73361&q=kj%C3%B8pes&rows=49&search_type=SEARCH_ID_BAP_WANTED&sort=0&sub_category=1.78.5223&category=0.78&page=7
	Kaffe servise	6	https://www.finn.no/bap/forsale/search.html?abTestKey=standard1&lat=59.91192&lon=10.73361&q=kj%C3%B8pes&rows=49&search_type=SEARCH_ID_BAP_WANTED&sort=0&sub_category=1.78.5223&category=0.78&page=6
	Fario & Bento dyptallerken	7	https://www.finn.no/bap/forsale/search.html?abTestKey=standard1&lat=59.91192&lon=10.73361&q=kj%C3%B8pes&rows=49&search_type=SEARCH_ID_BAP_WANTED&sort=0&sub_category=1.78.5223&category=0.78&page=7
	Krus	3	https://www.finn.no/bap/forsale/search.html?abTestKey=standard1&lat=59.91192&lon=10.73361&q=kj%C3%B8pes&rows=49&search_type=SEARCH_ID_BAP_WANTED&sort=0&sub_category=1.78.5223&category=0.78&page=3
	Dessert/suppeboller	4	https://www.finn.no/bap/forsale/search.html?abTestKey=standard1&lat=59.91192&lon=10.73361&q=kj%C3%B8pes&rows=49&search_type=SEARCH_ID_BAP_WANTED&sort=0&sub_category=1.78.5223&category=0.78&page=4
	Teskjeer	8	https://www.finn.no/bap/forsale/search.html?abTestKey=standard1&lat=59.91192&lon=10.73361&q=kj%C3%B8pes&rows=49&search_type=SEARCH_ID_BAP_WANTED&sort=0&sub_category=1.78.5223&category=0.78&page=8
	Menu - verner panton kopper	9	https://www.finn.no/bap/forsale/search.html?abTestKey=standard1&lat=59.91192&lon=10.73361&q=kj%C3%B8pes&rows=49&search_type=SEARCH_ID_BAP_WANTED&sort=0&sub_category=1.78.5223&category=0.78&page=9
	Wedgewood Palladian	4	https://www.finn.no/bap/forsale/search.html?abTestKey=standard1&lat=59.91192&lon=10.73361&q=kj%C3%B8pes&rows=49&search_type=SEARCH_ID_BAP_WANTED&sort=0&sub_category=1.78.5223&category=0.78&page=4
	Kopper	5	https://www.finn.no/bap/forsale/search.html?abTestKey=standard1&lat=59.91192&lon=10.73361&q=kj%C3%B8pes&rows=49&search_type=SEARCH_ID_BAP_WANTED&sort=0&sub_category=1.78.5223&category=0.78&page=5
	Organisator	2	https://www.finn.no/bap/forsale/search.html?abTestKey=standard1&lat=59.91192&lon=10.73361&q=kj%C3%B8pes&rows=49&search_type=SEARCH_ID_BAP_WANTED&sort=0&sub_category=1.78.5223&category=0.78&page=2
	Figgjo Daisy	10	https://www.finn.no/bap/forsale/search.html?abTestKey=standard1&lat=59.91192&lon=10.73361&q=kj%C3%B8pes&rows=49&search_type=SEARCH_ID_BAP_WANTED&sort=0&sub_category=1.78.5223&category=0.78&page=10
	Vinglass Hellstrøm	5	https://www.finn.no/bap/forsale/search.html?abTestKey=standard1&lat=59.91192&lon=10.73361&q=kj%C3%B8pes&rows=49&search_type=SEARCH_ID_BAP_WANTED&sort=0&sub_category=1.78.5223&category=0.78&page=5
	Bogstad service maud	8	https://www.finn.no/bap/forsale/search.html?abTestKey=standard1&lat=59.91192&lon=10.73361&q=kj%C3%B8pes&rows=49&search_type=SEARCH_ID_BAP_WANTED&sort=0&sub_category=1.78.5223&category=0.78&page=8
	Servise	7	https://www.finn.no/bap/forsale/search.html?abTestKey=standard1&lat=59.91192&lon=10.73361&q=kj%C3%B8pes&rows=49&search_type=SEARCH_ID_BAP_WANTED&sort=0&sub_category=1.78.5223&category=0.78&page=7
	Anita Hardangerbestikk ønskes kjøpt	3	https://www.finn.no/bap/forsale/search.html?abTestKey=standard1&lat=59.91192&lon=10.73361&q=kj%C3%B8pes&rows=49&search_type=SEARCH_ID_BAP_WANTED&sort=0&sub_category=1.78.5223&category=0.78&page=3
	Tallerkener ønskes kjøpt	9	https://www.finn.no/bap/forsale/search.html?abTestKey=standard1&lat=59.91192&lon=10.73361&q=kj%C3%B8pes&rows=49&search_type=SEARCH_ID_BAP_WANTED&sort=0&sub_category=1.78.5223&category=0.78&page=9
	Elegant fra Nille	2	https://www.finn.no/bap/forsale/search.html?abTestKey=standard1&lat=59.91192&lon=10.73361&q=kj%C3%B8pes&rows=49&search_type=SEARCH_ID_BAP_WANTED&sort=0&sub_category=1.78.5223&category=0.78&page=2
	Cathrineholm	6	https://www.finn.no/bap/forsale/search.html?abTestKey=standard1&lat=59.91192&lon=10.73361&q=kj%C3%B8pes&rows=49&search_type=SEARCH_ID_BAP_WANTED&sort=0&sub_category=1.78.5223&category=0.78&page=6
	Spiseservise	7	https://www.finn.no/bap/forsale/search.html?abTestKey=standard1&lat=59.91192&lon=10.73361&q=kj%C3%B8pes&rows=49&search_type=SEARCH_ID_BAP_WANTED&sort=0&sub_category=1.78.5223&category=0.78&page=7
	Askvoll dekketallerken i Tinn	7	https://www.finn.no/bap/forsale/search.html?abTestKey=standard1&lat=59.91192&lon=10.73361&q=kj%C3%B8pes&rows=49&search_type=SEARCH_ID_BAP_WANTED&sort=0&sub_category=1.78.5223&category=0.78&page=7
	Middagstallerkener ønskes - Green Gate (greengate)	9	https://www.finn.no/bap/forsale/search.html?abTestKey=standard1&lat=59.91192&lon=10.73361&q=kj%C3%B8pes&rows=49&search_type=SEARCH_ID_BAP_WANTED&sort=0&sub_category=1.78.5223&category=0.78&page=9
	Tallerkener	4	https://www.finn.no/bap/forsale/search.html?abTestKey=standard1&lat=59.91192&lon=10.73361&q=kj%C3%B8pes&rows=49&search_type=SEARCH_ID_BAP_WANTED&sort=0&sub_category=1.78.5223&category=0.78&page=4
	Krystallglass	5	https://www.finn.no/bap/forsale/search.html?abTestKey=standard1&lat=59.91192&lon=10.73361&q=kj%C3%B8pes&rows=49&search_type=SEARCH_ID_BAP_WANTED&sort=0&sub_category=1.78.5223&category=0.78&page=5
	Ønskes kjøpt	3	https://www.finn.no/bap/forsale/search.html?abTestKey=standard1&lat=59.91192&lon=10.73361&q=kj%C3%B8pes&rows=49&search_type=SEARCH_ID_BAP_WANTED&sort=0&sub_category=1.78.5223&category=0.78&page=3
	Jule servise fra Susan Widget / Kari Trestakk	7	https://www.finn.no/bap/forsale/search.html?abTestKey=standard1&lat=59.91192&lon=10.73361&q=kj%C3%B8pes&rows=49&search_type=SEARCH_ID_BAP_WANTED&sort=0&sub_category=1.78.5223&category=0.78&page=7
	Maxinisse fra Porsgrund Porselen	10	https://www.finn.no/bap/forsale/search.html?abTestKey=standard1&lat=59.91192&lon=10.73361&q=kj%C3%B8pes&rows=49&search_type=SEARCH_ID_BAP_WANTED&sort=0&sub_category=1.78.5223&category=0.78&page=10
	Deler av servise ønskes kjøpt	4	https://www.finn.no/bap/forsale/search.html?abTestKey=standard1&lat=59.91192&lon=10.73361&q=kj%C3%B8pes&rows=49&search_type=SEARCH_ID_BAP_WANTED&sort=0&sub_category=1.78.5223&category=0.78&page=4
	"Ønskes kjøpt FiggjoTor viking, te-kopp"	9	https://www.finn.no/bap/forsale/search.html?abTestKey=standard1&lat=59.91192&lon=10.73361&q=kj%C3%B8pes&rows=49&search_type=SEARCH_ID_BAP_WANTED&sort=0&sub_category=1.78.5223&category=0.78&page=9
	"Kjeramikk serviset ""Luso"""	10	https://www.finn.no/bap/forsale/search.html?abTestKey=standard1&lat=59.91192&lon=10.73361&q=kj%C3%B8pes&rows=49&search_type=SEARCH_ID_BAP_WANTED&sort=0&sub_category=1.78.5223&category=0.78&page=10
	Kaffeserviset fra seint 80tall ønskes kjøpt	10	https://www.finn.no/bap/forsale/search.html?abTestKey=standard1&lat=59.91192&lon=10.73361&q=kj%C3%B8pes&rows=49&search_type=SEARCH_ID_BAP_WANTED&sort=0&sub_category=1.78.5223&category=0.78&page=10
	Eschenbach	3	https://www.finn.no/bap/forsale/search.html?abTestKey=standard1&lat=59.91192&lon=10.73361&q=kj%C3%B8pes&rows=49&search_type=SEARCH_ID_BAP_WANTED&sort=0&sub_category=1.78.5223&category=0.78&page=3
	Tallerkener ønskes kjøpt	6	https://www.finn.no/bap/forsale/search.html?abTestKey=standard1&lat=59.91192&lon=10.73361&q=kj%C3%B8pes&rows=49&search_type=SEARCH_ID_BAP_WANTED&sort=0&sub_category=1.78.5223&category=0.78&page=6
	Ønskes kjøpt	8	https://www.finn.no/bap/forsale/search.html?abTestKey=standard1&lat=59.91192&lon=10.73361&q=kj%C3%B8pes&rows=49&search_type=SEARCH_ID_BAP_WANTED&sort=0&sub_category=1.78.5223&category=0.78&page=8
	Kaffekvern og kaffeboks fra Samas eller E. B. Aamodt A/S ønskes kjøpt	6	https://www.finn.no/bap/forsale/search.html?abTestKey=standard1&lat=59.91192&lon=10.73361&q=kj%C3%B8pes&rows=49&search_type=SEARCH_ID_BAP_WANTED&sort=0&sub_category=1.78.5223&category=0.78&page=6
	Ønskes kjøpt- Villeroy&Boch ø22cm. Anmut my colour Emerald Green	3	https://www.finn.no/bap/forsale/search.html?abTestKey=standard1&lat=59.91192&lon=10.73361&q=kj%C3%B8pes&rows=49&search_type=SEARCH_ID_BAP_WANTED&sort=0&sub_category=1.78.5223&category=0.78&page=3
	Ønsket kjøpt	4	https://www.finn.no/bap/forsale/search.html?abTestKey=standard1&lat=59.91192&lon=10.73361&q=kj%C3%B8pes&rows=49&search_type=SEARCH_ID_BAP_WANTED&sort=0&sub_category=1.78.5223&category=0.78&page=4
	Stelton UNA salatbestikk	7	https://www.finn.no/bap/forsale/search.html?abTestKey=standard1&lat=59.91192&lon=10.73361&q=kj%C3%B8pes&rows=49&search_type=SEARCH_ID_BAP_WANTED&sort=0&sub_category=1.78.5223&category=0.78&page=7
	Rimforsa kjøkkenøy	2	https://www.finn.no/bap/forsale/search.html?abTestKey=standard1&lat=59.91192&lon=10.73361&q=kj%C3%B8pes&rows=49&search_type=SEARCH_ID_BAP_WANTED&sort=0&sub_category=1.78.5223&category=0.78&page=2
	Kurv til bestikk e.l	4	https://www.finn.no/bap/forsale/search.html?abTestKey=standard1&lat=59.91192&lon=10.73361&q=kj%C3%B8pes&rows=49&search_type=SEARCH_ID_BAP_WANTED&sort=0&sub_category=1.78.5223&category=0.78&page=4
	Ostehøvel Nina Hardangerbestikk	8	https://www.finn.no/bap/forsale/search.html?abTestKey=standard1&lat=59.91192&lon=10.73361&q=kj%C3%B8pes&rows=49&search_type=SEARCH_ID_BAP_WANTED&sort=0&sub_category=1.78.5223&category=0.78&page=8
	Rim rødvinglass fra Magnor	9	https://www.finn.no/bap/forsale/search.html?abTestKey=standard1&lat=59.91192&lon=10.73361&q=kj%C3%B8pes&rows=49&search_type=SEARCH_ID_BAP_WANTED&sort=0&sub_category=1.78.5223&category=0.78&page=9
	Trio bryggeri glass ønskes kjøpt	5	https://www.finn.no/bap/forsale/search.html?abTestKey=standard1&lat=59.91192&lon=10.73361&q=kj%C3%B8pes&rows=49&search_type=SEARCH_ID_BAP_WANTED&sort=0&sub_category=1.78.5223&category=0.78&page=5
	Figgjo clupea ønskes kjøpt!	9	https://www.finn.no/bap/forsale/search.html?abTestKey=standard1&lat=59.91192&lon=10.73361&q=kj%C3%B8pes&rows=49&search_type=SEARCH_ID_BAP_WANTED&sort=0&sub_category=1.78.5223&category=0.78&page=9
	Kopp (-ar) / komplette kuverar ønskes kjøpt	3	https://www.finn.no/bap/forsale/search.html?abTestKey=standard1&lat=59.91192&lon=10.73361&q=kj%C3%B8pes&rows=49&search_type=SEARCH_ID_BAP_WANTED&sort=0&sub_category=1.78.5223&category=0.78&page=3
	Ønsker å kjøpe Sommar 2017 fat til servering fra Ikea	4	https://www.finn.no/bap/forsale/search.html?abTestKey=standard1&lat=59.91192&lon=10.73361&q=kj%C3%B8pes&rows=49&search_type=SEARCH_ID_BAP_WANTED&sort=0&sub_category=1.78.5223&category=0.78&page=4
	Luminarc ølglass	10	https://www.finn.no/bap/forsale/search.html?abTestKey=standard1&lat=59.91192&lon=10.73361&q=kj%C3%B8pes&rows=49&search_type=SEARCH_ID_BAP_WANTED&sort=0&sub_category=1.78.5223&category=0.78&page=10
	Kyst og Hav - Fiskebåt - ønskes kjøpt	4	https://www.finn.no/bap/forsale/search.html?abTestKey=standard1&lat=59.91192&lon=10.73361&q=kj%C3%B8pes&rows=49&search_type=SEARCH_ID_BAP_WANTED&sort=0&sub_category=1.78.5223&category=0.78&page=4
	Edme tallerken 28 cm	2	https://www.finn.no/bap/forsale/search.html?abTestKey=standard1&lat=59.91192&lon=10.73361&q=kj%C3%B8pes&rows=49&search_type=SEARCH_ID_BAP_WANTED&sort=0&sub_category=1.78.5223&category=0.78&page=2
	Juleservise norsk design Vibeke	4	https://www.finn.no/bap/forsale/search.html?abTestKey=standard1&lat=59.91192&lon=10.73361&q=kj%C3%B8pes&rows=49&search_type=SEARCH_ID_BAP_WANTED&sort=0&sub_category=1.78.5223&category=0.78&page=4
	"Deler til servise,  Jacks farm, Wood & sons"	8	https://www.finn.no/bap/forsale/search.html?abTestKey=standard1&lat=59.91192&lon=10.73361&q=kj%C3%B8pes&rows=49&search_type=SEARCH_ID_BAP_WANTED&sort=0&sub_category=1.78.5223&category=0.78&page=8
	Ståt kjøkkenfront	7	https://www.finn.no/bap/forsale/search.html?abTestKey=standard1&lat=59.91192&lon=10.73361&q=kj%C3%B8pes&rows=49&search_type=SEARCH_ID_BAP_WANTED&sort=0&sub_category=1.78.5223&category=0.78&page=7
	Porsgrunn porselen	7	https://www.finn.no/bap/forsale/search.html?abTestKey=standard1&lat=59.91192&lon=10.73361&q=kj%C3%B8pes&rows=49&search_type=SEARCH_ID_BAP_WANTED&sort=0&sub_category=1.78.5223&category=0.78&page=7
	Biri ølglass	2	https://www.finn.no/bap/forsale/search.html?abTestKey=standard1&lat=59.91192&lon=10.73361&q=kj%C3%B8pes&rows=49&search_type=SEARCH_ID_BAP_WANTED&sort=0&sub_category=1.78.5223&category=0.78&page=2
	Royal Copenhagen star fluted Christmas juleservice	9	https://www.finn.no/bap/forsale/search.html?abTestKey=standard1&lat=59.91192&lon=10.73361&q=kj%C3%B8pes&rows=49&search_type=SEARCH_ID_BAP_WANTED&sort=0&sub_category=1.78.5223&category=0.78&page=9
	Perfect Home	3	https://www.finn.no/bap/forsale/search.html?abTestKey=standard1&lat=59.91192&lon=10.73361&q=kj%C3%B8pes&rows=49&search_type=SEARCH_ID_BAP_WANTED&sort=0&sub_category=1.78.5223&category=0.78&page=3
	Kähler Love song vaser	10	https://www.finn.no/bap/forsale/search.html?abTestKey=standard1&lat=59.91192&lon=10.73361&q=kj%C3%B8pes&rows=49&search_type=SEARCH_ID_BAP_WANTED&sort=0&sub_category=1.78.5223&category=0.78&page=10
	Figgjo Flåklypa Solan- motiv.	4	https://www.finn.no/bap/forsale/search.html?abTestKey=standard1&lat=59.91192&lon=10.73361&q=kj%C3%B8pes&rows=49&search_type=SEARCH_ID_BAP_WANTED&sort=0&sub_category=1.78.5223&category=0.78&page=4
	Villeroy & Boch Green Garland Servise ønskes kjøpt	5	https://www.finn.no/bap/forsale/search.html?abTestKey=standard1&lat=59.91192&lon=10.73361&q=kj%C3%B8pes&rows=49&search_type=SEARCH_ID_BAP_WANTED&sort=0&sub_category=1.78.5223&category=0.78&page=5
	Ønsker å kjøpe dette bestikket fra Dags marked!	2	https://www.finn.no/bap/forsale/search.html?abTestKey=standard1&lat=59.91192&lon=10.73361&q=kj%C3%B8pes&rows=49&search_type=SEARCH_ID_BAP_WANTED&sort=0&sub_category=1.78.5223&category=0.78&page=2
	Fay red - Green Gate serviset	9	https://www.finn.no/bap/forsale/search.html?abTestKey=standard1&lat=59.91192&lon=10.73361&q=kj%C3%B8pes&rows=49&search_type=SEARCH_ID_BAP_WANTED&sort=0&sub_category=1.78.5223&category=0.78&page=9
	Villeroy & Boch Farm House Blue Touch	3	https://www.finn.no/bap/forsale/search.html?abTestKey=standard1&lat=59.91192&lon=10.73361&q=kj%C3%B8pes&rows=49&search_type=SEARCH_ID_BAP_WANTED&sort=0&sub_category=1.78.5223&category=0.78&page=3
	Kaffekopper og sukkerskål ønskes kjøpt: Homeland fra Grindley - Staffordshire	2	https://www.finn.no/bap/forsale/search.html?abTestKey=standard1&lat=59.91192&lon=10.73361&q=kj%C3%B8pes&rows=49&search_type=SEARCH_ID_BAP_WANTED&sort=0&sub_category=1.78.5223&category=0.78&page=2
	Disney jul fra firkløveren	4	https://www.finn.no/bap/forsale/search.html?abTestKey=standard1&lat=59.91192&lon=10.73361&q=kj%C3%B8pes&rows=49&search_type=SEARCH_ID_BAP_WANTED&sort=0&sub_category=1.78.5223&category=0.78&page=4
	Jerngryte på 12-20 l ønskes kjøpt	3	https://www.finn.no/bap/forsale/search.html?abTestKey=standard1&lat=59.91192&lon=10.73361&q=kj%C3%B8pes&rows=49&search_type=SEARCH_ID_BAP_WANTED&sort=0&sub_category=1.78.5223&category=0.78&page=3
	"Figgjo kaffeservise ""Allegro"" ønskes kjøpt"	10	https://www.finn.no/bap/forsale/search.html?abTestKey=standard1&lat=59.91192&lon=10.73361&q=kj%C3%B8pes&rows=49&search_type=SEARCH_ID_BAP_WANTED&sort=0&sub_category=1.78.5223&category=0.78&page=10
	Diverse kjøkken- og vaskeutstyr	4	https://www.finn.no/bap/forsale/search.html?abTestKey=standard1&lat=59.91192&lon=10.73361&q=kj%C3%B8pes&rows=49&search_type=SEARCH_ID_BAP_WANTED&sort=0&sub_category=1.78.5223&category=0.78&page=4
	Juleservice ønskes kjøpt	3	https://www.finn.no/bap/forsale/search.html?abTestKey=standard1&lat=59.91192&lon=10.73361&q=kj%C3%B8pes&rows=49&search_type=SEARCH_ID_BAP_WANTED&sort=0&sub_category=1.78.5223&category=0.78&page=3
	Dekktallerkner i rotting	3	https://www.finn.no/bap/forsale/search.html?abTestKey=standard1&lat=59.91192&lon=10.73361&q=kj%C3%B8pes&rows=49&search_type=SEARCH_ID_BAP_WANTED&sort=0&sub_category=1.78.5223&category=0.78&page=3
	Stripe Servise fra Duka ønskes kjøpt	10	https://www.finn.no/bap/forsale/search.html?abTestKey=standard1&lat=59.91192&lon=10.73361&q=kj%C3%B8pes&rows=49&search_type=SEARCH_ID_BAP_WANTED&sort=0&sub_category=1.78.5223&category=0.78&page=10
	Ønsker å kjøpe servise i serien Runo fra Arabia Finland	2	https://www.finn.no/bap/forsale/search.html?abTestKey=standard1&lat=59.91192&lon=10.73361&q=kj%C3%B8pes&rows=49&search_type=SEARCH_ID_BAP_WANTED&sort=0&sub_category=1.78.5223&category=0.78&page=2
	Cilia - Magnor glassverk	5	https://www.finn.no/bap/forsale/search.html?abTestKey=standard1&lat=59.91192&lon=10.73361&q=kj%C3%B8pes&rows=49&search_type=SEARCH_ID_BAP_WANTED&sort=0&sub_category=1.78.5223&category=0.78&page=5
	Fabel glass hvitvin fra Troll-Tinn ønskes kjøpt	7	https://www.finn.no/bap/forsale/search.html?abTestKey=standard1&lat=59.91192&lon=10.73361&q=kj%C3%B8pes&rows=49&search_type=SEARCH_ID_BAP_WANTED&sort=0&sub_category=1.78.5223&category=0.78&page=7
	Dekketøytallerkner i teak ønskes	6	https://www.finn.no/bap/forsale/search.html?abTestKey=standard1&lat=59.91192&lon=10.73361&q=kj%C3%B8pes&rows=49&search_type=SEARCH_ID_BAP_WANTED&sort=0&sub_category=1.78.5223&category=0.78&page=6
	Servise	7	https://www.finn.no/bap/forsale/search.html?abTestKey=standard1&lat=59.91192&lon=10.73361&q=kj%C3%B8pes&rows=49&search_type=SEARCH_ID_BAP_WANTED&sort=0&sub_category=1.78.5223&category=0.78&page=7
	Dinera kaffekopper og fat fra IKEA ønskes kjøpt	9	https://www.finn.no/bap/forsale/search.html?abTestKey=standard1&lat=59.91192&lon=10.73361&q=kj%C3%B8pes&rows=49&search_type=SEARCH_ID_BAP_WANTED&sort=0&sub_category=1.78.5223&category=0.78&page=9
	Ostindien	8	https://www.finn.no/bap/forsale/search.html?abTestKey=standard1&lat=59.91192&lon=10.73361&q=kj%C3%B8pes&rows=49&search_type=SEARCH_ID_BAP_WANTED&sort=0&sub_category=1.78.5223&category=0.78&page=8
	Interessert i det meste fra dette serviset	4	https://www.finn.no/bap/forsale/search.html?abTestKey=standard1&lat=59.91192&lon=10.73361&q=kj%C3%B8pes&rows=49&search_type=SEARCH_ID_BAP_WANTED&sort=0&sub_category=1.78.5223&category=0.78&page=4
	Kjøper elektrisk Rønning vaffeljern Ø = 24 cm	2	https://www.finn.no/bap/forsale/search.html?abTestKey=standard1&lat=59.91192&lon=10.73361&q=kj%C3%B8pes&rows=49&search_type=SEARCH_ID_BAP_WANTED&sort=0&sub_category=1.78.5223&category=0.78&page=2
	Wawel porselen	6	https://www.finn.no/bap/forsale/search.html?abTestKey=standard1&lat=59.91192&lon=10.73361&q=kj%C3%B8pes&rows=49&search_type=SEARCH_ID_BAP_WANTED&sort=0&sub_category=1.78.5223&category=0.78&page=6
	Arne og Carlos juleservise	3	https://www.finn.no/bap/forsale/search.html?abTestKey=standard1&lat=59.91192&lon=10.73361&q=kj%C3%B8pes&rows=49&search_type=SEARCH_ID_BAP_WANTED&sort=0&sub_category=1.78.5223&category=0.78&page=3
	Disney kakebokser	3	https://www.finn.no/bap/forsale/search.html?abTestKey=standard1&lat=59.91192&lon=10.73361&q=kj%C3%B8pes&rows=49&search_type=SEARCH_ID_BAP_WANTED&sort=0&sub_category=1.78.5223&category=0.78&page=3
	Kakebokser green gate	2	https://www.finn.no/bap/forsale/search.html?abTestKey=standard1&lat=59.91192&lon=10.73361&q=kj%C3%B8pes&rows=49&search_type=SEARCH_ID_BAP_WANTED&sort=0&sub_category=1.78.5223&category=0.78&page=2
	"Paper Tulip servise ønskes kjøpt, hele eller deler"	5	https://www.finn.no/bap/forsale/search.html?abTestKey=standard1&lat=59.91192&lon=10.73361&q=kj%C3%B8pes&rows=49&search_type=SEARCH_ID_BAP_WANTED&sort=0&sub_category=1.78.5223&category=0.78&page=5
	Deler ønskes kjøpt	2	https://www.finn.no/bap/forsale/search.html?abTestKey=standard1&lat=59.91192&lon=10.73361&q=kj%C3%B8pes&rows=49&search_type=SEARCH_ID_BAP_WANTED&sort=0&sub_category=1.78.5223&category=0.78&page=2
	Åsas Jul Rød ønskes	9	https://www.finn.no/bap/forsale/search.html?abTestKey=standard1&lat=59.91192&lon=10.73361&q=kj%C3%B8pes&rows=49&search_type=SEARCH_ID_BAP_WANTED&sort=0&sub_category=1.78.5223&category=0.78&page=9
	Servise Duka Sara eller Duka Anna ønskes kjøpt	9	https://www.finn.no/bap/forsale/search.html?abTestKey=standard1&lat=59.91192&lon=10.73361&q=kj%C3%B8pes&rows=49&search_type=SEARCH_ID_BAP_WANTED&sort=0&sub_category=1.78.5223&category=0.78&page=9
	Deler til gammelt servise fra Porsgrund porselen	4	https://www.finn.no/bap/forsale/search.html?abTestKey=standard1&lat=59.91192&lon=10.73361&q=kj%C3%B8pes&rows=49&search_type=SEARCH_ID_BAP_WANTED&sort=0&sub_category=1.78.5223&category=0.78&page=4
	Service Orkidé	4	https://www.finn.no/bap/forsale/search.html?abTestKey=standard1&lat=59.91192&lon=10.73361&q=kj%C3%B8pes&rows=49&search_type=SEARCH_ID_BAP_WANTED&sort=0&sub_category=1.78.5223&category=0.78&page=4
	Krumelur kopp	3	https://www.finn.no/bap/forsale/search.html?abTestKey=standard1&lat=59.91192&lon=10.73361&q=kj%C3%B8pes&rows=49&search_type=SEARCH_ID_BAP_WANTED&sort=0&sub_category=1.78.5223&category=0.78&page=3
	Lilla frokostservise fra Nille ønskes kjøpt	10	https://www.finn.no/bap/forsale/search.html?abTestKey=standard1&lat=59.91192&lon=10.73361&q=kj%C3%B8pes&rows=49&search_type=SEARCH_ID_BAP_WANTED&sort=0&sub_category=1.78.5223&category=0.78&page=10
	"Kaffekanne, Figgjo krokus, eller Figgjo orion, blå eller gul"	3	https://www.finn.no/bap/forsale/search.html?abTestKey=standard1&lat=59.91192&lon=10.73361&q=kj%C3%B8pes&rows=49&search_type=SEARCH_ID_BAP_WANTED&sort=0&sub_category=1.78.5223&category=0.78&page=3
	Pillivuyt kaffekopper	2	https://www.finn.no/bap/forsale/search.html?abTestKey=standard1&lat=59.91192&lon=10.73361&q=kj%C3%B8pes&rows=49&search_type=SEARCH_ID_BAP_WANTED&sort=0&sub_category=1.78.5223&category=0.78&page=2
	ØNSKER : Gordon Ramsey.  Turkis pasta fat og evnt andre deler	6	https://www.finn.no/bap/forsale/search.html?abTestKey=standard1&lat=59.91192&lon=10.73361&q=kj%C3%B8pes&rows=49&search_type=SEARCH_ID_BAP_WANTED&sort=0&sub_category=1.78.5223&category=0.78&page=6
	Søker deler til GreenGate serviser.	4	https://www.finn.no/bap/forsale/search.html?abTestKey=standard1&lat=59.91192&lon=10.73361&q=kj%C3%B8pes&rows=49&search_type=SEARCH_ID_BAP_WANTED&sort=0&sub_category=1.78.5223&category=0.78&page=4
